image_name,highest_percentage,class
f1,0.97705996,human
f2,0.7322941,emoji
f3,0.47024372,emoji
f4,0.73344427,drawing
f5,0.7343846,human
f6,0.66545755,human
f7,0.72913462,drawing
f8,0.9058112,human
f9,0.92009974,human
f10,0.71121055,human
nf1,0.886223972,dog
nf2,0.60786915,cat
nf3,0.97532755,dog
nf4,0.69405764,emoji
nf5,0.97079575,human
nf6,0.99124509,car
nf7,0.38458818,human
nf8,0.98315996,emoji
nf9,0.96228653,cat
nf10,0.9924044,tree